,work_year,experience_level,employment_type,job_title,employee_residence,remote_ratio,company_location,company_size
0,0.8599773185055006,0.8434931355867756,0.02785445080482249,-0.3837439759120586,0.7991556699925817,0.7148620308123189,0.7561205047381624,0.28991821842580956
1,0.8599773185055006,0.8434931355867756,0.02785445080482249,-0.3837439759120586,0.7991556699925817,0.7148620308123189,0.7561205047381624,0.28991821842580956
2,-0.586023325075582,-0.12437138861203878,0.02785445080482249,-1.4763915354706152,0.7991556699925817,0.7148620308123189,0.7561205047381624,0.28991821842580956
3,-0.586023325075582,-0.12437138861203878,-8.425971368458661,1.4042247579110338,0.7991556699925817,0.7148620308123189,0.7561205047381624,-1.240345769265203
4,-0.586023325075582,-0.12437138861203878,0.02785445080482249,-0.3837439759120586,0.361005062170071,-1.74361532161305,0.7561205047381624,-1.240345769265203
5,0.8599773185055006,-0.12437138861203878,0.02785445080482249,1.9008827395285597,0.7991556699925817,-0.5143766454003655,0.7561205047381624,0.28991821842580956
6,-2.032023968656665,-2.0601004370096674,0.02785445080482249,0.11291400570546709,-1.1725220652087165,-1.74361532161305,-1.1791242637136876,1.8201822061168222
7,-0.586023325075582,-2.0601004370096674,0.02785445080482249,0.11291400570546709,-1.1725220652087165,-0.5143766454003655,-1.1791242637136876,0.28991821842580956
8,0.8599773185055006,-0.12437138861203878,0.02785445080482249,-0.3837439759120586,-1.0629844132530888,0.7148620308123189,-1.0542697625232456,0.28991821842580956
9,-0.586023325075582,-2.0601004370096674,0.02785445080482249,-0.8804019575295843,-1.1725220652087165,-0.5143766454003655,-1.1791242637136876,0.28991821842580956
10,-2.032023968656665,-0.12437138861203878,0.02785445080482249,0.11291400570546709,-1.1725220652087165,-0.5143766454003655,-0.30514275538059404,1.8201822061168222
11,0.8599773185055006,0.8434931355867756,0.02785445080482249,-0.3837439759120586,0.7991556699925817,0.7148620308123189,0.7561205047381624,0.28991821842580956
12,0.8599773185055006,0.8434931355867756,0.02785445080482249,-0.3837439759120586,0.7991556699925817,0.7148620308123189,0.7561205047381624,0.28991821842580956
13,-0.586023325075582,-0.12437138861203878,0.02785445080482249,1.6028879505580442,0.5800803660813264,-0.5143766454003655,0.5688387529524995,-1.240345769265203
14,-2.032023968656665,0.8434931355867756,0.02785445080482249,2.3975407211460853,-1.4463661950977857,0.7148620308123189,-1.4912605166897923,0.28991821842580956
15,0.8599773185055006,0.8434931355867756,0.02785445080482249,-0.3837439759120586,0.7991556699925817,0.7148620308123189,0.7561205047381624,0.28991821842580956
16,-2.032023968656665,-0.12437138861203878,0.02785445080482249,-0.2844123795885535,-1.4463661950977857,0.7148620308123189,-1.4912605166897923,1.8201822061168222
17,-0.586023325075582,-0.12437138861203878,0.02785445080482249,-0.3837439759120586,0.7991556699925817,0.7148620308123189,0.7561205047381624,-1.240345769265203
18,-0.586023325075582,-2.0601004370096674,0.02785445080482249,-0.3837439759120586,-0.7343714573862058,0.7148620308123189,-0.6797062589519198,-1.240345769265203
19,0.8599773185055006,0.8434931355867756,0.02785445080482249,-0.5824071685590688,0.7991556699925817,0.7148620308123189,0.7561205047381624,0.28991821842580956
20,-2.032023968656665,0.8434931355867756,0.02785445080482249,-1.2777283428236048,-1.1177532392309026,-0.5143766454003655,-1.1166970131184666,0.28991821842580956
21,-0.586023325075582,-0.12437138861203878,-4.1990584588269195,1.9008827395285597,0.14192975825881565,-0.5143766454003655,0.1942752493811737,0.28991821842580956
22,0.8599773185055006,0.8434931355867756,0.02785445080482249,-0.3837439759120586,0.7991556699925817,0.7148620308123189,0.7561205047381624,0.28991821842580956
23,-0.586023325075582,-0.12437138861203878,0.02785445080482249,0.11291400570546709,0.7991556699925817,0.7148620308123189,0.7561205047381624,-1.240345769265203
24,-0.586023325075582,-0.12437138861203878,0.02785445080482249,-1.2777283428236048,-0.29622084956369504,-1.74361532161305,-0.24271550478537307,1.8201822061168222
25,-0.586023325075582,-0.12437138861203878,0.02785445080482249,1.4042247579110338,-0.4605273274971366,-0.5143766454003655,-0.429997256571036,1.8201822061168222
26,0.8599773185055006,0.8434931355867756,0.02785445080482249,-0.3837439759120586,0.7991556699925817,-1.74361532161305,0.7561205047381624,0.28991821842580956
27,-0.586023325075582,-0.12437138861203878,0.02785445080482249,0.11291400570546709,0.7991556699925817,-0.5143766454003655,0.7561205047381624,-1.240345769265203
28,0.8599773185055006,0.8434931355867756,0.02785445080482249,-0.8804019575295843,0.7991556699925817,0.7148620308123189,0.7561205047381624,0.28991821842580956
29,0.8599773185055006,-0.12437138861203878,0.02785445080482249,-0.3837439759120586,-1.1177532392309026,0.7148620308123189,-1.1166970131184666,0.28991821842580956
30,-0.586023325075582,-2.0601004370096674,0.02785445080482249,2.5962039137930955,-1.1177532392309026,-0.5143766454003655,-1.1166970131184666,-1.240345769265203
31,0.8599773185055006,0.8434931355867756,0.02785445080482249,-0.8804019575295843,0.7991556699925817,0.7148620308123189,0.7561205047381624,0.28991821842580956
32,0.8599773185055006,0.8434931355867756,0.02785445080482249,1.503556354234539,-1.7749791509646686,0.7148620308123189,-1.8658240202611183,0.28991821842580956
33,0.8599773185055006,-2.0601004370096674,0.02785445080482249,-0.9797335538530895,0.3062362361922572,0.7148620308123189,-0.30514275538059404,0.28991821842580956
34,-0.586023325075582,-0.12437138861203878,0.02785445080482249,2.5962039137930955,-1.1725220652087165,-0.5143766454003655,-1.1791242637136876,1.8201822061168222
35,0.8599773185055006,0.8434931355867756,0.02785445080482249,-0.8804019575295843,0.7991556699925817,0.7148620308123189,0.7561205047381624,0.28991821842580956
36,0.8599773185055006,-0.12437138861203878,0.02785445080482249,0.11291400570546709,0.7991556699925817,0.7148620308123189,0.7561205047381624,0.28991821842580956
37,0.8599773185055006,0.8434931355867756,0.02785445080482249,-0.8804019575295843,-1.7749791509646686,0.7148620308123189,-1.8658240202611183,0.28991821842580956
38,-0.586023325075582,-2.0601004370096674,0.02785445080482249,-1.8737179207646357,-0.7343714573862058,0.7148620308123189,-2.177960273237223,1.8201822061168222
39,0.8599773185055006,0.8434931355867756,0.02785445080482249,0.11291400570546709,-1.1177532392309026,-1.74361532161305,-1.1166970131184666,0.28991821842580956
40,0.8599773185055006,0.8434931355867756,0.02785445080482249,0.11291400570546709,0.7991556699925817,0.7148620308123189,0.7561205047381624,0.28991821842580956
41,0.8599773185055006,0.8434931355867756,0.02785445080482249,0.11291400570546709,0.7991556699925817,0.7148620308123189,0.7561205047381624,0.28991821842580956
42,-2.032023968656665,0.8434931355867756,0.02785445080482249,1.8015511432050544,-1.7749791509646686,-0.5143766454003655,-1.8658240202611183,-1.240345769265203
43,0.8599773185055006,0.8434931355867756,0.02785445080482249,1.6028879505580442,-0.7891402833640196,0.7148620308123189,-0.8045607601423618,1.8201822061168222
44,0.8599773185055006,0.8434931355867756,0.02785445080482249,-0.8804019575295843,0.7991556699925817,0.7148620308123189,0.7561205047381624,0.28991821842580956
45,-2.032023968656665,-0.12437138861203878,0.02785445080482249,1.2055615652640237,-2.2131297587871797,-1.74361532161305,-2.2403875238324438,-1.240345769265203
46,-0.586023325075582,-0.12437138861203878,-4.1990584588269195,-0.3837439759120586,-0.5700649794527642,-1.74361532161305,0.7561205047381624,-1.240345769265203
47,-0.586023325075582,-0.12437138861203878,0.02785445080482249,-0.3837439759120586,0.7991556699925817,0.7148620308123189,0.7561205047381624,-1.240345769265203
48,0.8599773185055006,-0.12437138861203878,0.02785445080482249,1.6028879505580442,-1.1177532392309026,-1.74361532161305,-1.1166970131184666,0.28991821842580956
49,0.8599773185055006,0.8434931355867756,0.02785445080482249,0.11291400570546709,0.7991556699925817,0.7148620308123189,0.7561205047381624,-1.240345769265203
50,0.8599773185055006,0.8434931355867756,0.02785445080482249,-0.8804019575295843,0.7991556699925817,0.7148620308123189,0.7561205047381624,0.28991821842580956
51,-0.586023325075582,-0.12437138861203878,0.02785445080482249,0.11291400570546709,-0.18668319760806737,-1.74361532161305,-0.11786100359493114,1.8201822061168222
52,0.8599773185055006,-0.12437138861203878,0.02785445080482249,-0.3837439759120586,0.7991556699925817,-1.74361532161305,0.7561205047381624,0.28991821842580956
53,0.8599773185055006,0.8434931355867756,0.02785445080482249,-0.8804019575295843,0.7991556699925817,0.7148620308123189,0.7561205047381624,0.28991821842580956
54,0.8599773185055006,0.8434931355867756,0.02785445080482249,-0.3837439759120586,0.7991556699925817,0.7148620308123189,0.7561205047381624,0.28991821842580956
55,0.8599773185055006,0.8434931355867756,0.02785445080482249,-0.8804019575295843,0.7991556699925817,0.7148620308123189,0.7561205047381624,0.28991821842580956
56,-0.586023325075582,0.8434931355867756,0.02785445080482249,-0.5824071685590688,0.7991556699925817,0.7148620308123189,0.7561205047381624,0.28991821842580956
57,-0.586023325075582,-1.0922359128108532,0.02785445080482249,0.4109087946759825,-1.4463661950977857,-1.74361532161305,-1.4912605166897923,-1.240345769265203
58,-0.586023325075582,-2.0601004370096674,0.02785445080482249,0.11291400570546709,0.8539244959703955,-1.74361532161305,0.8185477553333833,0.28991821842580956
59,-0.586023325075582,0.8434931355867756,0.02785445080482249,1.6028879505580442,-1.994054454875924,-0.5143766454003655,-1.99067852145156,0.28991821842580956
60,0.8599773185055006,-0.12437138861203878,0.02785445080482249,1.9008827395285597,0.7991556699925817,0.7148620308123189,0.7561205047381624,-1.240345769265203
61,-0.586023325075582,-2.0601004370096674,0.02785445080482249,-1.4763915354706152,-0.40575850151932275,0.7148620308123189,-0.367570005975815,1.8201822061168222
62,-0.586023325075582,-0.12437138861203878,4.254767360436565,-1.9730495170881408,-0.7343714573862058,-0.5143766454003655,-0.6797062589519198,0.28991821842580956
63,-2.032023968656665,0.8434931355867756,0.02785445080482249,0.11291400570546709,0.7991556699925817,0.7148620308123189,0.7561205047381624,-1.240345769265203
64,-0.586023325075582,0.8434931355867756,0.02785445080482249,0.21224560202897222,0.7991556699925817,0.7148620308123189,0.7561205047381624,-1.240345769265203
65,0.8599773185055006,-0.12437138861203878,0.02785445080482249,-0.3837439759120586,0.7991556699925817,-1.74361532161305,0.7561205047381624,0.28991821842580956
66,-0.586023325075582,0.8434931355867756,0.02785445080482249,1.6028879505580442,-1.4463661950977857,-0.5143766454003655,-1.4912605166897923,-1.240345769265203
67,0.8599773185055006,-0.12437138861203878,0.02785445080482249,-0.8804019575295843,-1.1177532392309026,-1.74361532161305,-1.1166970131184666,0.28991821842580956
68,0.8599773185055006,0.8434931355867756,0.02785445080482249,-0.8804019575295843,-1.7749791509646686,0.7148620308123189,-1.8658240202611183,0.28991821842580956
69,-0.586023325075582,-0.12437138861203878,0.02785445080482249,-1.6750547281176253,-1.1177532392309026,-0.5143766454003655,-1.8658240202611183,-1.240345769265203
70,-0.586023325075582,0.8434931355867756,0.02785445080482249,-1.8737179207646357,-1.2272908911865303,0.7148620308123189,-1.2415515143089084,-1.240345769265203
71,0.8599773185055006,-0.12437138861203878,0.02785445080482249,0.11291400570546709,-1.7202103249868548,-1.74361532161305,-1.8033967696658972,-1.240345769265203
72,-2.032023968656665,0.8434931355867756,0.02785445080482249,1.2055615652640237,0.7991556699925817,0.7148620308123189,0.7561205047381624,1.8201822061168222
73,-0.586023325075582,-2.0601004370096674,0.02785445080482249,-0.8804019575295843,0.7991556699925817,0.7148620308123189,0.7561205047381624,1.8201822061168222
74,-0.586023325075582,0.8434931355867756,0.02785445080482249,-0.08574918694154318,-1.7749791509646686,-0.5143766454003655,-1.8658240202611183,-1.240345769265203
75,-0.586023325075582,0.8434931355867756,0.02785445080482249,1.4042247579110338,0.7991556699925817,0.7148620308123189,0.7561205047381624,1.8201822061168222
76,-0.586023325075582,0.8434931355867756,0.02785445080482249,-0.3837439759120586,0.361005062170071,-0.5143766454003655,-1.1166970131184666,1.8201822061168222
77,-0.586023325075582,0.8434931355867756,0.02785445080482249,0.808235179970003,0.5800803660813264,0.7148620308123189,0.5688387529524995,-1.240345769265203
78,-0.586023325075582,-0.12437138861203878,0.02785445080482249,0.11291400570546709,0.7991556699925817,-1.74361532161305,0.7561205047381624,-1.240345769265203
79,-0.586023325075582,0.8434931355867756,0.02785445080482249,0.11291400570546709,-1.1725220652087165,-0.5143766454003655,-1.1791242637136876,0.28991821842580956
80,-0.586023325075582,0.8434931355867756,0.02785445080482249,-0.3837439759120586,0.7991556699925817,0.7148620308123189,0.7561205047381624,-1.240345769265203
81,0.8599773185055006,-2.0601004370096674,0.02785445080482249,-0.3837439759120586,0.7991556699925817,0.7148620308123189,0.7561205047381624,0.28991821842580956
82,-0.586023325075582,-0.12437138861203878,0.02785445080482249,-0.8804019575295843,0.7991556699925817,0.7148620308123189,0.7561205047381624,0.28991821842580956
83,0.8599773185055006,-0.12437138861203878,0.02785445080482249,-0.8804019575295843,-1.0629844132530888,0.7148620308123189,-1.0542697625232456,0.28991821842580956
84,0.8599773185055006,-1.0922359128108532,0.02785445080482249,-1.7743863244411304,0.7991556699925817,0.7148620308123189,0.7561205047381624,0.28991821842580956
85,-0.586023325075582,-1.0922359128108532,0.02785445080482249,-1.4763915354706152,-0.7343714573862058,0.7148620308123189,0.7561205047381624,-1.240345769265203
86,-2.032023968656665,-2.0601004370096674,0.02785445080482249,1.6028879505580442,0.7991556699925817,0.7148620308123189,0.7561205047381624,1.8201822061168222
87,0.8599773185055006,0.8434931355867756,0.02785445080482249,-0.3837439759120586,0.7991556699925817,0.7148620308123189,0.7561205047381624,-1.240345769265203
88,-0.586023325075582,-0.12437138861203878,0.02785445080482249,0.11291400570546709,0.7991556699925817,-0.5143766454003655,0.7561205047381624,-1.240345769265203
89,-0.586023325075582,0.8434931355867756,0.02785445080482249,-0.8804019575295843,-1.4463661950977857,-0.5143766454003655,-1.4912605166897923,-1.240345769265203
90,-0.586023325075582,-0.12437138861203878,0.02785445080482249,0.11291400570546709,-1.6654414990090411,0.7148620308123189,-1.7409695190706762,-1.240345769265203
91,0.8599773185055006,-0.12437138861203878,4.254767360436565,-0.3837439759120586,-1.4463661950977857,-0.5143766454003655,-1.4912605166897923,-1.240345769265203
92,0.8599773185055006,-0.12437138861203878,0.02785445080482249,0.11291400570546709,0.7991556699925817,0.7148620308123189,0.7561205047381624,0.28991821842580956
93,-2.032023968656665,-0.12437138861203878,0.02785445080482249,-0.3837439759120586,0.7991556699925817,0.7148620308123189,0.7561205047381624,-1.240345769265203
94,0.8599773185055006,0.8434931355867756,0.02785445080482249,-0.3837439759120586,0.7991556699925817,-1.74361532161305,0.7561205047381624,0.28991821842580956
95,0.8599773185055006,-2.0601004370096674,0.02785445080482249,-0.3837439759120586,0.14192975825881565,0.7148620308123189,-1.4912605166897923,0.28991821842580956
96,-0.586023325075582,-2.0601004370096674,0.02785445080482249,2.5962039137930955,-0.5152961534749504,-1.74361532161305,-1.6785422684754552,-1.240345769265203
97,0.8599773185055006,-0.12437138861203878,0.02785445080482249,0.5102403909994876,-1.0629844132530888,-1.74361532161305,-1.0542697625232456,0.28991821842580956
98,-2.032023968656665,-0.12437138861203878,0.02785445080482249,0.11291400570546709,-0.7343714573862058,-1.74361532161305,-0.6797062589519198,-1.240345769265203
99,0.8599773185055006,0.8434931355867756,0.02785445080482249,-0.3837439759120586,0.7991556699925817,0.7148620308123189,0.7561205047381624,0.28991821842580956
100,-0.586023325075582,-0.12437138861203878,0.02785445080482249,1.6028879505580442,-1.2272908911865303,0.7148620308123189,-1.2415515143089084,1.8201822061168222
101,-0.586023325075582,0.8434931355867756,0.02785445080482249,2.0002143358520645,-1.0629844132530888,0.7148620308123189,-1.4288332660945715,-1.240345769265203
102,-0.586023325075582,0.8434931355867756,0.02785445080482249,-0.5824071685590688,0.7991556699925817,-1.74361532161305,0.7561205047381624,-1.240345769265203
103,0.8599773185055006,-1.0922359128108532,0.02785445080482249,-0.3837439759120586,0.7991556699925817,0.7148620308123189,0.7561205047381624,0.28991821842580956
104,0.8599773185055006,0.8434931355867756,0.02785445080482249,-0.8804019575295843,0.7991556699925817,0.7148620308123189,0.7561205047381624,0.28991821842580956
105,-0.586023325075582,-2.0601004370096674,0.02785445080482249,-0.8804019575295843,0.7991556699925817,0.7148620308123189,0.7561205047381624,0.28991821842580956
106,0.8599773185055006,0.8434931355867756,0.02785445080482249,-0.8804019575295843,0.7991556699925817,0.7148620308123189,0.7561205047381624,0.28991821842580956
107,0.8599773185055006,0.8434931355867756,0.02785445080482249,-0.48307557223556374,0.7991556699925817,0.7148620308123189,0.7561205047381624,0.28991821842580956
108,0.8599773185055006,0.8434931355867756,0.02785445080482249,-0.8804019575295843,0.7991556699925817,0.7148620308123189,0.7561205047381624,0.28991821842580956
109,-0.586023325075582,-0.12437138861203878,0.02785445080482249,0.11291400570546709,-1.4463661950977857,-0.5143766454003655,-1.4912605166897923,-1.240345769265203
110,0.8599773185055006,-0.12437138861203878,0.02785445080482249,-0.8804019575295843,-1.1177532392309026,0.7148620308123189,-1.1166970131184666,0.28991821842580956
111,-0.586023325075582,-0.12437138861203878,0.02785445080482249,-0.3837439759120586,0.6896180180369541,-1.74361532161305,0.6312660035477204,0.28991821842580956
112,-0.586023325075582,0.8434931355867756,0.02785445080482249,-0.2844123795885535,0.7991556699925817,0.7148620308123189,0.7561205047381624,-1.240345769265203
113,0.8599773185055006,0.8434931355867756,0.02785445080482249,0.11291400570546709,0.7991556699925817,0.7148620308123189,0.7561205047381624,0.28991821842580956
114,-0.586023325075582,-2.0601004370096674,0.02785445080482249,-0.18508078326504832,-1.4463661950977857,-0.5143766454003655,-1.4912605166897923,-1.240345769265203
115,0.8599773185055006,-0.12437138861203878,0.02785445080482249,-0.8804019575295843,-1.2272908911865303,0.7148620308123189,-1.2415515143089084,0.28991821842580956
116,-0.586023325075582,-0.12437138861203878,0.02785445080482249,-0.3837439759120586,0.6896180180369541,0.7148620308123189,0.6312660035477204,0.28991821842580956
117,-0.586023325075582,0.8434931355867756,0.02785445080482249,2.198877528499075,0.7991556699925817,0.7148620308123189,0.7561205047381624,0.28991821842580956
118,0.8599773185055006,0.8434931355867756,0.02785445080482249,0.11291400570546709,0.7991556699925817,0.7148620308123189,0.7561205047381624,0.28991821842580956
119,0.8599773185055006,-0.12437138861203878,0.02785445080482249,1.6028879505580442,0.7991556699925817,0.7148620308123189,0.7561205047381624,1.8201822061168222
120,0.8599773185055006,0.8434931355867756,0.02785445080482249,-0.8804019575295843,0.7991556699925817,0.7148620308123189,0.7561205047381624,0.28991821842580956
121,-0.586023325075582,-0.12437138861203878,0.02785445080482249,0.4109087946759825,0.7991556699925817,-1.74361532161305,0.7561205047381624,1.8201822061168222
122,-2.032023968656665,0.8434931355867756,0.02785445080482249,1.1062299689405184,0.032392106303187986,-0.5143766454003655,0.13184799878595274,1.8201822061168222
123,-0.586023325075582,-0.12437138861203878,0.02785445080482249,0.11291400570546709,-1.4463661950977857,-0.5143766454003655,-1.4912605166897923,-1.240345769265203
124,0.8599773185055006,0.8434931355867756,0.02785445080482249,-0.48307557223556374,0.7991556699925817,0.7148620308123189,0.7561205047381624,0.28991821842580956
125,0.8599773185055006,0.8434931355867756,0.02785445080482249,0.013582409381961954,0.7991556699925817,0.7148620308123189,0.7561205047381624,0.28991821842580956
126,-0.586023325075582,-0.12437138861203878,0.02785445080482249,-1.5757231317941203,0.8539244959703955,0.7148620308123189,0.7561205047381624,0.28991821842580956
127,0.8599773185055006,0.8434931355867756,0.02785445080482249,-0.3837439759120586,-1.1177532392309026,-1.74361532161305,-1.1166970131184666,0.28991821842580956
128,0.8599773185055006,0.8434931355867756,0.02785445080482249,0.11291400570546709,0.7991556699925817,0.7148620308123189,0.7561205047381624,0.28991821842580956
129,0.8599773185055006,0.8434931355867756,0.02785445080482249,0.11291400570546709,0.7991556699925817,0.7148620308123189,0.7561205047381624,0.28991821842580956
130,-0.586023325075582,-0.12437138861203878,0.02785445080482249,-0.48307557223556374,0.7991556699925817,0.7148620308123189,0.7561205047381624,-1.240345769265203
131,-0.586023325075582,-1.0922359128108532,0.02785445080482249,0.4109087946759825,-0.5700649794527642,0.7148620308123189,0.25670249997639466,-1.240345769265203
132,-0.586023325075582,-0.12437138861203878,0.02785445080482249,0.11291400570546709,0.7991556699925817,-0.5143766454003655,0.7561205047381624,-1.240345769265203
133,0.8599773185055006,0.8434931355867756,0.02785445080482249,0.11291400570546709,0.7991556699925817,0.7148620308123189,0.7561205047381624,0.28991821842580956
134,-0.586023325075582,-0.12437138861203878,0.02785445080482249,-0.8804019575295843,0.7991556699925817,0.7148620308123189,0.7561205047381624,-1.240345769265203
135,0.8599773185055006,0.8434931355867756,0.02785445080482249,-0.3837439759120586,0.7991556699925817,0.7148620308123189,0.7561205047381624,0.28991821842580956
136,0.8599773185055006,0.8434931355867756,0.02785445080482249,0.11291400570546709,0.7991556699925817,0.7148620308123189,0.7561205047381624,0.28991821842580956
137,-0.586023325075582,0.8434931355867756,0.02785445080482249,0.11291400570546709,-1.1725220652087165,-0.5143766454003655,-1.1791242637136876,-1.240345769265203
138,-0.586023325075582,-0.12437138861203878,0.02785445080482249,1.0068983726170133,-0.7343714573862058,0.7148620308123189,-0.6797062589519198,-1.240345769265203
139,0.8599773185055006,0.8434931355867756,0.02785445080482249,0.11291400570546709,0.7991556699925817,0.7148620308123189,0.7561205047381624,0.28991821842580956
140,-2.032023968656665,-2.0601004370096674,0.02785445080482249,0.11291400570546709,0.7991556699925817,0.7148620308123189,0.7561205047381624,1.8201822061168222
141,-2.032023968656665,-0.12437138861203878,0.02785445080482249,-0.8804019575295843,0.14192975825881565,-0.5143766454003655,0.1942752493811737,-1.240345769265203
142,-0.586023325075582,-2.0601004370096674,0.02785445080482249,0.11291400570546709,0.7443868440147678,0.7148620308123189,0.6936932541429415,-1.240345769265203
143,0.8599773185055006,0.8434931355867756,0.02785445080482249,-0.8804019575295843,0.7991556699925817,0.7148620308123189,0.7561205047381624,0.28991821842580956
144,-0.586023325075582,0.8434931355867756,0.02785445080482249,1.0068983726170133,0.7991556699925817,0.7148620308123189,0.7561205047381624,-1.240345769265203
145,0.8599773185055006,-2.0601004370096674,0.02785445080482249,0.11291400570546709,-2.048823280853738,-0.5143766454003655,-2.053105772046781,0.28991821842580956
146,-0.586023325075582,-0.12437138861203878,0.02785445080482249,-0.08574918694154318,-1.0629844132530888,0.7148620308123189,-1.0542697625232456,0.28991821842580956
147,0.8599773185055006,-0.12437138861203878,0.02785445080482249,0.11291400570546709,0.7991556699925817,0.7148620308123189,0.7561205047381624,0.28991821842580956
148,0.8599773185055006,-0.12437138861203878,0.02785445080482249,0.11291400570546709,-1.1177532392309026,-1.74361532161305,-1.1166970131184666,0.28991821842580956
149,-2.032023968656665,-0.12437138861203878,0.02785445080482249,2.5962039137930955,0.7991556699925817,-1.74361532161305,0.7561205047381624,0.28991821842580956
150,-2.032023968656665,-0.12437138861203878,0.02785445080482249,0.11291400570546709,-1.4463661950977857,-1.74361532161305,-1.4912605166897923,-1.240345769265203
151,0.8599773185055006,-2.0601004370096674,0.02785445080482249,-0.8804019575295843,-1.7749791509646686,-1.74361532161305,-1.8658240202611183,0.28991821842580956
152,0.8599773185055006,0.8434931355867756,0.02785445080482249,-0.3837439759120586,0.7991556699925817,0.7148620308123189,0.7561205047381624,0.28991821842580956
153,0.8599773185055006,0.8434931355867756,0.02785445080482249,-0.8804019575295843,-1.7749791509646686,0.7148620308123189,-1.8658240202611183,0.28991821842580956
154,0.8599773185055006,0.8434931355867756,0.02785445080482249,-0.3837439759120586,0.7991556699925817,0.7148620308123189,0.7561205047381624,0.28991821842580956
155,0.8599773185055006,0.8434931355867756,0.02785445080482249,-0.8804019575295843,0.7991556699925817,0.7148620308123189,0.7561205047381624,0.28991821842580956
156,-0.586023325075582,-0.12437138861203878,0.02785445080482249,-0.3837439759120586,-1.1177532392309026,-0.5143766454003655,-1.1166970131184666,-1.240345769265203
157,-2.032023968656665,0.8434931355867756,0.02785445080482249,-0.3837439759120586,-1.0629844132530888,-0.5143766454003655,-1.0542697625232456,-1.240345769265203
158,0.8599773185055006,0.8434931355867756,0.02785445080482249,-0.3837439759120586,0.7991556699925817,0.7148620308123189,0.7561205047381624,-1.240345769265203
159,-0.586023325075582,-0.12437138861203878,0.02785445080482249,0.11291400570546709,-0.0771455456524397,0.7148620308123189,0.006993497595510797,-1.240345769265203
160,-0.586023325075582,0.8434931355867756,0.02785445080482249,-0.8804019575295843,-1.9392856288981102,0.7148620308123189,0.7561205047381624,1.8201822061168222
161,0.8599773185055006,0.8434931355867756,0.02785445080482249,0.11291400570546709,0.7991556699925817,0.7148620308123189,0.7561205047381624,0.28991821842580956
162,-0.586023325075582,-0.12437138861203878,0.02785445080482249,-0.3837439759120586,-1.008215587275275,-0.5143766454003655,-1.1166970131184666,1.8201822061168222
163,-2.032023968656665,-2.0601004370096674,0.02785445080482249,-0.18508078326504832,-0.7343714573862058,-0.5143766454003655,-0.6797062589519198,0.28991821842580956
164,0.8599773185055006,-0.12437138861203878,0.02785445080482249,0.808235179970003,-1.2820597171643442,0.7148620308123189,-1.3039787649041295,1.8201822061168222
165,0.8599773185055006,0.8434931355867756,0.02785445080482249,0.11291400570546709,0.7991556699925817,0.7148620308123189,0.7561205047381624,0.28991821842580956
166,-0.586023325075582,-0.12437138861203878,0.02785445080482249,-0.3837439759120586,0.7991556699925817,0.7148620308123189,0.7561205047381624,-1.240345769265203
167,-0.586023325075582,-0.12437138861203878,0.02785445080482249,2.5962039137930955,-1.5011350210755996,-0.5143766454003655,-1.5536877672850133,-1.240345769265203
168,-0.586023325075582,-2.0601004370096674,0.02785445080482249,0.11291400570546709,0.7991556699925817,0.7148620308123189,0.7561205047381624,0.28991821842580956
169,0.8599773185055006,0.8434931355867756,0.02785445080482249,-0.3837439759120586,0.7991556699925817,0.7148620308123189,0.7561205047381624,0.28991821842580956
170,0.8599773185055006,0.8434931355867756,0.02785445080482249,-0.3837439759120586,0.7991556699925817,-1.74361532161305,0.7561205047381624,-1.240345769265203
171,0.8599773185055006,0.8434931355867756,0.02785445080482249,-1.6750547281176253,0.7991556699925817,0.7148620308123189,0.7561205047381624,-1.240345769265203
172,0.8599773185055006,-2.0601004370096674,0.02785445080482249,-0.3837439759120586,-1.1177532392309026,0.7148620308123189,-1.1166970131184666,0.28991821842580956
173,0.8599773185055006,0.8434931355867756,0.02785445080482249,-1.7743863244411304,0.7991556699925817,-1.74361532161305,0.7561205047381624,0.28991821842580956
174,0.8599773185055006,0.8434931355867756,0.02785445080482249,2.3975407211460853,-1.4463661950977857,0.7148620308123189,-1.4912605166897923,0.28991821842580956
175,-0.586023325075582,-1.0922359128108532,0.02785445080482249,0.4109087946759825,0.7991556699925817,-1.74361532161305,0.7561205047381624,-1.240345769265203
176,-2.032023968656665,0.8434931355867756,-4.1990584588269195,-0.9797335538530895,0.4705427141256987,0.7148620308123189,0.7561205047381624,1.8201822061168222
177,0.8599773185055006,0.8434931355867756,0.02785445080482249,-0.8804019575295843,0.7991556699925817,0.7148620308123189,0.7561205047381624,0.28991821842580956
178,-2.032023968656665,-0.12437138861203878,0.02785445080482249,0.11291400570546709,-1.1177532392309026,0.7148620308123189,-1.1166970131184666,1.8201822061168222
179,-0.586023325075582,0.8434931355867756,0.02785445080482249,1.1062299689405184,0.7991556699925817,-1.74361532161305,0.7561205047381624,-1.240345769265203
180,-0.586023325075582,0.8434931355867756,0.02785445080482249,1.1062299689405184,0.25146741021444335,-0.5143766454003655,0.7561205047381624,1.8201822061168222
181,-0.586023325075582,0.8434931355867756,0.02785445080482249,-0.3837439759120586,0.7991556699925817,0.7148620308123189,0.7561205047381624,0.28991821842580956
182,0.8599773185055006,0.8434931355867756,0.02785445080482249,-0.3837439759120586,0.7991556699925817,-1.74361532161305,0.7561205047381624,0.28991821842580956
183,0.8599773185055006,-0.12437138861203878,0.02785445080482249,-1.8737179207646357,-0.7343714573862058,0.7148620308123189,0.7561205047381624,-1.240345769265203
184,0.8599773185055006,0.8434931355867756,0.02785445080482249,0.11291400570546709,0.7991556699925817,0.7148620308123189,0.7561205047381624,0.28991821842580956
185,0.8599773185055006,-0.12437138861203878,0.02785445080482249,-0.3837439759120586,-1.1177532392309026,0.7148620308123189,-1.1166970131184666,0.28991821842580956
186,0.8599773185055006,0.8434931355867756,0.02785445080482249,-0.8804019575295843,0.7991556699925817,-1.74361532161305,0.7561205047381624,0.28991821842580956
187,0.8599773185055006,0.8434931355867756,0.02785445080482249,-0.8804019575295843,0.7991556699925817,-1.74361532161305,0.7561205047381624,0.28991821842580956
188,-0.586023325075582,-0.12437138861203878,0.02785445080482249,1.6028879505580442,-1.994054454875924,0.7148620308123189,-1.99067852145156,0.28991821842580956
189,0.8599773185055006,0.8434931355867756,0.02785445080482249,-0.3837439759120586,0.7991556699925817,0.7148620308123189,0.7561205047381624,-1.240345769265203
190,0.8599773185055006,-0.12437138861203878,0.02785445080482249,-0.3837439759120586,-1.2272908911865303,0.7148620308123189,-1.2415515143089084,0.28991821842580956
191,-0.586023325075582,0.8434931355867756,0.02785445080482249,2.3975407211460853,-1.4463661950977857,0.7148620308123189,-1.4912605166897923,0.28991821842580956
192,0.8599773185055006,-0.12437138861203878,0.02785445080482249,0.11291400570546709,0.7991556699925817,0.7148620308123189,0.7561205047381624,0.28991821842580956
193,-2.032023968656665,0.8434931355867756,0.02785445080482249,0.11291400570546709,-2.103592106831552,-1.74361532161305,-2.115533022642002,1.8201822061168222
194,-0.586023325075582,0.8434931355867756,0.02785445080482249,-0.9797335538530895,-1.8297479769424825,-1.74361532161305,-1.928251270856339,0.28991821842580956
195,0.8599773185055006,0.8434931355867756,0.02785445080482249,0.11291400570546709,0.7991556699925817,0.7148620308123189,0.7561205047381624,0.28991821842580956
196,0.8599773185055006,0.8434931355867756,0.02785445080482249,-0.8804019575295843,0.7991556699925817,-1.74361532161305,0.7561205047381624,0.28991821842580956
197,0.8599773185055006,-0.12437138861203878,0.02785445080482249,0.11291400570546709,-1.1177532392309026,-1.74361532161305,-1.1166970131184666,0.28991821842580956
198,-0.586023325075582,-2.0601004370096674,0.02785445080482249,-0.18508078326504832,0.7991556699925817,0.7148620308123189,0.7561205047381624,1.8201822061168222
199,0.8599773185055006,-2.0601004370096674,4.254767360436565,0.11291400570546709,-1.336828543142158,-0.5143766454003655,-1.3664060154993505,0.28991821842580956
200,-0.586023325075582,0.8434931355867756,0.02785445080482249,-1.0790651501765947,-1.8297479769424825,0.7148620308123189,0.7561205047381624,1.8201822061168222
201,-0.586023325075582,-2.0601004370096674,4.254767360436565,-0.8804019575295843,-1.2272908911865303,-0.5143766454003655,-1.2415515143089084,0.28991821842580956
202,0.8599773185055006,-0.12437138861203878,0.02785445080482249,-0.3837439759120586,-1.1177532392309026,0.7148620308123189,-1.1166970131184666,0.28991821842580956
203,0.8599773185055006,0.8434931355867756,0.02785445080482249,0.11291400570546709,0.7991556699925817,0.7148620308123189,0.7561205047381624,0.28991821842580956
204,-0.586023325075582,-0.12437138861203878,0.02785445080482249,-0.3837439759120586,-0.6248338054305781,0.7148620308123189,-0.5548517577614779,0.28991821842580956
205,-0.586023325075582,0.8434931355867756,0.02785445080482249,0.11291400570546709,0.7991556699925817,-1.74361532161305,0.7561205047381624,-1.240345769265203
206,0.8599773185055006,0.8434931355867756,0.02785445080482249,1.6028879505580442,-0.02237671967462586,0.7148620308123189,0.06942074819073177,-1.240345769265203
207,-0.586023325075582,0.8434931355867756,0.02785445080482249,-0.3837439759120586,-1.1177532392309026,-0.5143766454003655,-1.1166970131184666,-1.240345769265203
208,-0.586023325075582,-0.12437138861203878,0.02785445080482249,0.11291400570546709,0.41577388814788485,0.7148620308123189,-1.4912605166897923,1.8201822061168222
209,-0.586023325075582,-0.12437138861203878,0.02785445080482249,0.11291400570546709,0.7991556699925817,-0.5143766454003655,0.7561205047381624,-1.240345769265203
210,0.8599773185055006,0.8434931355867756,0.02785445080482249,-0.3837439759120586,0.7991556699925817,0.7148620308123189,0.7561205047381624,0.28991821842580956
211,0.8599773185055006,0.8434931355867756,0.02785445080482249,0.11291400570546709,0.7991556699925817,0.7148620308123189,0.7561205047381624,0.28991821842580956
212,0.8599773185055006,0.8434931355867756,0.02785445080482249,0.11291400570546709,0.7991556699925817,-1.74361532161305,0.7561205047381624,0.28991821842580956
213,0.8599773185055006,-0.12437138861203878,0.02785445080482249,0.11291400570546709,0.4705427141256987,0.7148620308123189,0.7561205047381624,1.8201822061168222
214,-0.586023325075582,-0.12437138861203878,0.02785445080482249,-0.3837439759120586,-0.02237671967462586,0.7148620308123189,0.06942074819073177,-1.240345769265203
215,-0.586023325075582,0.8434931355867756,0.02785445080482249,2.5962039137930955,-1.1725220652087165,0.7148620308123189,0.7561205047381624,1.8201822061168222
216,-0.586023325075582,0.8434931355867756,0.02785445080482249,0.013582409381961954,0.7991556699925817,-1.74361532161305,0.7561205047381624,-1.240345769265203
217,0.8599773185055006,0.8434931355867756,0.02785445080482249,-0.3837439759120586,0.7991556699925817,0.7148620308123189,0.7561205047381624,0.28991821842580956
218,-2.032023968656665,-0.12437138861203878,0.02785445080482249,0.11291400570546709,-0.8439091093418335,-0.5143766454003655,-0.8669880107375827,-1.240345769265203
219,0.8599773185055006,0.8434931355867756,0.02785445080482249,-0.8804019575295843,0.7991556699925817,0.7148620308123189,0.7561205047381624,0.28991821842580956
220,-2.032023968656665,-0.12437138861203878,0.02785445080482249,1.1062299689405184,0.3062362361922572,0.7148620308123189,0.7561205047381624,0.28991821842580956
221,-0.586023325075582,-2.0601004370096674,0.02785445080482249,-0.8804019575295843,0.7991556699925817,0.7148620308123189,0.7561205047381624,1.8201822061168222
222,0.8599773185055006,0.8434931355867756,0.02785445080482249,0.11291400570546709,0.7991556699925817,0.7148620308123189,0.7561205047381624,0.28991821842580956
223,-2.032023968656665,-0.12437138861203878,0.02785445080482249,0.11291400570546709,-1.2272908911865303,0.7148620308123189,-1.2415515143089084,0.28991821842580956
224,0.8599773185055006,0.8434931355867756,0.02785445080482249,0.11291400570546709,0.7991556699925817,0.7148620308123189,0.7561205047381624,0.28991821842580956
225,0.8599773185055006,0.8434931355867756,0.02785445080482249,-0.3837439759120586,0.7991556699925817,0.7148620308123189,0.7561205047381624,-1.240345769265203
226,0.8599773185055006,0.8434931355867756,0.02785445080482249,1.3048931615875288,-1.4463661950977857,-1.74361532161305,-1.4912605166897923,0.28991821842580956
227,0.8599773185055006,0.8434931355867756,0.02785445080482249,-0.8804019575295843,-1.7749791509646686,0.7148620308123189,-1.8658240202611183,0.28991821842580956
228,0.8599773185055006,0.8434931355867756,0.02785445080482249,-0.3837439759120586,0.7991556699925817,0.7148620308123189,0.7561205047381624,0.28991821842580956
229,-2.032023968656665,-0.12437138861203878,0.02785445080482249,-0.3837439759120586,-1.1725220652087165,-0.5143766454003655,-1.1791242637136876,-1.240345769265203
230,0.8599773185055006,-0.12437138861203878,0.02785445080482249,-0.3837439759120586,-1.1177532392309026,-1.74361532161305,-1.1166970131184666,0.28991821842580956
231,-2.032023968656665,-1.0922359128108532,0.02785445080482249,0.4109087946759825,0.7991556699925817,0.7148620308123189,0.7561205047381624,-1.240345769265203
232,0.8599773185055006,-2.0601004370096674,0.02785445080482249,1.4042247579110338,0.3062362361922572,0.7148620308123189,0.31912975057161563,-1.240345769265203
233,-0.586023325075582,-0.12437138861203878,0.02785445080482249,1.6028879505580442,0.1966985842366295,0.7148620308123189,0.25670249997639466,-1.240345769265203
234,0.8599773185055006,0.8434931355867756,0.02785445080482249,0.013582409381961954,0.7991556699925817,0.7148620308123189,0.7561205047381624,0.28991821842580956
235,0.8599773185055006,0.8434931355867756,0.02785445080482249,0.11291400570546709,0.7991556699925817,0.7148620308123189,0.7561205047381624,0.28991821842580956
236,-2.032023968656665,-0.12437138861203878,0.02785445080482249,1.7022195468815493,0.3062362361922572,-1.74361532161305,0.31912975057161563,0.28991821842580956
237,0.8599773185055006,-0.12437138861203878,0.02785445080482249,0.013582409381961954,0.7991556699925817,0.7148620308123189,0.7561205047381624,0.28991821842580956
238,0.8599773185055006,0.8434931355867756,0.02785445080482249,-1.6750547281176253,0.7991556699925817,0.7148620308123189,0.7561205047381624,-1.240345769265203
239,0.8599773185055006,-1.0922359128108532,0.02785445080482249,1.1062299689405184,-1.7749791509646686,0.7148620308123189,-1.8658240202611183,1.8201822061168222
240,-0.586023325075582,0.8434931355867756,0.02785445080482249,0.11291400570546709,0.6896180180369541,-0.5143766454003655,0.6312660035477204,-1.240345769265203
241,0.8599773185055006,0.8434931355867756,0.02785445080482249,-0.8804019575295843,0.7991556699925817,0.7148620308123189,0.7561205047381624,0.28991821842580956
242,0.8599773185055006,0.8434931355867756,0.02785445080482249,-0.8804019575295843,0.7991556699925817,-1.74361532161305,0.7561205047381624,0.28991821842580956
243,0.8599773185055006,-0.12437138861203878,0.02785445080482249,2.5962039137930955,-2.103592106831552,-1.74361532161305,-2.115533022642002,-1.240345769265203
244,-0.586023325075582,0.8434931355867756,0.02785445080482249,0.013582409381961954,0.7991556699925817,0.7148620308123189,0.7561205047381624,-1.240345769265203
245,-0.586023325075582,0.8434931355867756,0.02785445080482249,1.9008827395285597,0.7991556699925817,-0.5143766454003655,0.7561205047381624,1.8201822061168222
246,0.8599773185055006,-0.12437138861203878,0.02785445080482249,0.11291400570546709,-1.1177532392309026,-1.74361532161305,-1.1166970131184666,0.28991821842580956
247,0.8599773185055006,0.8434931355867756,0.02785445080482249,-0.3837439759120586,0.7991556699925817,-1.74361532161305,0.7561205047381624,0.28991821842580956
248,0.8599773185055006,-1.0922359128108532,0.02785445080482249,0.4109087946759825,-1.7749791509646686,-0.5143766454003655,-1.8658240202611183,-1.240345769265203
249,-0.586023325075582,0.8434931355867756,0.02785445080482249,2.5962039137930955,0.3062362361922572,-0.5143766454003655,0.31912975057161563,-1.240345769265203
250,-2.032023968656665,-2.0601004370096674,0.02785445080482249,-1.2777283428236048,0.7991556699925817,0.7148620308123189,0.7561205047381624,-1.240345769265203
251,-0.586023325075582,-2.0601004370096674,4.254767360436565,-1.8737179207646357,0.14192975825881565,0.7148620308123189,0.7561205047381624,0.28991821842580956
252,-2.032023968656665,-0.12437138861203878,0.02785445080482249,-1.4763915354706152,0.7991556699925817,-1.74361532161305,0.7561205047381624,0.28991821842580956
253,-0.586023325075582,0.8434931355867756,0.02785445080482249,2.3975407211460853,0.7991556699925817,0.7148620308123189,0.7561205047381624,-1.240345769265203
254,0.8599773185055006,0.8434931355867756,0.02785445080482249,-0.8804019575295843,0.7991556699925817,0.7148620308123189,0.7561205047381624,0.28991821842580956
255,-2.032023968656665,-2.0601004370096674,0.02785445080482249,0.11291400570546709,-1.4463661950977857,-1.74361532161305,-1.4912605166897923,1.8201822061168222
256,-2.032023968656665,-0.12437138861203878,0.02785445080482249,0.11291400570546709,0.7991556699925817,0.7148620308123189,0.7561205047381624,0.28991821842580956
257,0.8599773185055006,0.8434931355867756,0.02785445080482249,-0.5824071685590688,0.7991556699925817,0.7148620308123189,0.7561205047381624,0.28991821842580956
258,-0.586023325075582,-0.12437138861203878,0.02785445080482249,0.11291400570546709,-0.7343714573862058,-1.74361532161305,-0.6797062589519198,0.28991821842580956
259,-2.032023968656665,0.8434931355867756,0.02785445080482249,-1.2777283428236048,0.1966985842366295,0.7148620308123189,-1.1166970131184666,1.8201822061168222
260,0.8599773185055006,0.8434931355867756,0.02785445080482249,0.11291400570546709,-1.1177532392309026,-1.74361532161305,-1.1166970131184666,0.28991821842580956
261,-0.586023325075582,0.8434931355867756,0.02785445080482249,-1.37705993914711,-1.7749791509646686,-0.5143766454003655,-1.8658240202611183,0.28991821842580956
262,0.8599773185055006,0.8434931355867756,0.02785445080482249,0.11291400570546709,0.7991556699925817,0.7148620308123189,0.7561205047381624,0.28991821842580956
263,0.8599773185055006,0.8434931355867756,0.02785445080482249,-0.8804019575295843,0.7991556699925817,0.7148620308123189,0.7561205047381624,0.28991821842580956
264,-0.586023325075582,0.8434931355867756,0.02785445080482249,0.013582409381961954,0.7991556699925817,0.7148620308123189,-1.1791242637136876,-1.240345769265203
265,0.8599773185055006,0.8434931355867756,0.02785445080482249,-0.3837439759120586,0.7991556699925817,-1.74361532161305,0.7561205047381624,0.28991821842580956
266,0.8599773185055006,0.8434931355867756,0.02785445080482249,1.6028879505580442,0.7991556699925817,0.7148620308123189,0.7561205047381624,0.28991821842580956
267,-0.586023325075582,-2.0601004370096674,0.02785445080482249,-0.18508078326504832,-1.4463661950977857,-1.74361532161305,-1.4912605166897923,-1.240345769265203
268,-0.586023325075582,-2.0601004370096674,0.02785445080482249,0.11291400570546709,-0.7343714573862058,-0.5143766454003655,-0.6797062589519198,-1.240345769265203
269,-0.586023325075582,-0.12437138861203878,0.02785445080482249,-1.2777283428236048,-0.7343714573862058,-1.74361532161305,-0.6797062589519198,-1.240345769265203
270,0.8599773185055006,0.8434931355867756,0.02785445080482249,-0.3837439759120586,0.7991556699925817,0.7148620308123189,0.7561205047381624,0.28991821842580956
271,0.8599773185055006,0.8434931355867756,0.02785445080482249,-0.8804019575295843,0.7991556699925817,0.7148620308123189,0.7561205047381624,0.28991821842580956
272,0.8599773185055006,-0.12437138861203878,0.02785445080482249,-0.3837439759120586,-1.1177532392309026,0.7148620308123189,-1.1166970131184666,0.28991821842580956
273,-2.032023968656665,-2.0601004370096674,0.02785445080482249,-0.8804019575295843,0.7991556699925817,0.7148620308123189,0.7561205047381624,-1.240345769265203
274,-2.032023968656665,-2.0601004370096674,4.254767360436565,1.4042247579110338,-1.4463661950977857,0.7148620308123189,-1.4912605166897923,1.8201822061168222
275,0.8599773185055006,0.8434931355867756,0.02785445080482249,-0.3837439759120586,0.7991556699925817,0.7148620308123189,0.7561205047381624,0.28991821842580956
276,0.8599773185055006,0.8434931355867756,0.02785445080482249,-0.8804019575295843,0.7991556699925817,0.7148620308123189,0.7561205047381624,0.28991821842580956
277,0.8599773185055006,0.8434931355867756,0.02785445080482249,-0.3837439759120586,0.7991556699925817,0.7148620308123189,0.7561205047381624,0.28991821842580956
278,-2.032023968656665,-2.0601004370096674,0.02785445080482249,-0.3837439759120586,-0.4605273274971366,0.7148620308123189,-0.429997256571036,1.8201822061168222
279,-2.032023968656665,-0.12437138861203878,0.02785445080482249,0.11291400570546709,0.7991556699925817,0.7148620308123189,0.7561205047381624,-1.240345769265203
280,0.8599773185055006,-0.12437138861203878,0.02785445080482249,-0.8804019575295843,-1.1177532392309026,-1.74361532161305,-1.1166970131184666,0.28991821842580956
281,0.8599773185055006,0.8434931355867756,0.02785445080482249,0.11291400570546709,-1.8297479769424825,0.7148620308123189,0.7561205047381624,0.28991821842580956
282,-2.032023968656665,-0.12437138861203878,0.02785445080482249,2.4968723174695904,-0.9534467612974611,-1.74361532161305,-0.9918425119280246,1.8201822061168222
283,0.8599773185055006,-0.12437138861203878,0.02785445080482249,-0.8804019575295843,0.7991556699925817,0.7148620308123189,0.7561205047381624,0.28991821842580956
284,0.8599773185055006,0.8434931355867756,0.02785445080482249,0.11291400570546709,0.7991556699925817,-1.74361532161305,0.7561205047381624,-1.240345769265203
285,0.8599773185055006,0.8434931355867756,0.02785445080482249,-0.3837439759120586,0.7991556699925817,-1.74361532161305,0.7561205047381624,0.28991821842580956
286,0.8599773185055006,0.8434931355867756,0.02785445080482249,1.6028879505580442,0.7991556699925817,-1.74361532161305,0.7561205047381624,0.28991821842580956
287,0.8599773185055006,-2.0601004370096674,0.02785445080482249,-0.3837439759120586,-1.1177532392309026,0.7148620308123189,-1.1166970131184666,0.28991821842580956
288,-0.586023325075582,-1.0922359128108532,-8.425971368458661,2.3975407211460853,0.7991556699925817,0.7148620308123189,0.7561205047381624,1.8201822061168222
289,-2.032023968656665,-2.0601004370096674,0.02785445080482249,2.5962039137930955,-0.02237671967462586,-0.5143766454003655,0.06942074819073177,-1.240345769265203
290,0.8599773185055006,0.8434931355867756,0.02785445080482249,0.808235179970003,-0.13191437163025355,0.7148620308123189,0.7561205047381624,0.28991821842580956
291,-0.586023325075582,0.8434931355867756,0.02785445080482249,1.6028879505580442,-0.7343714573862058,-1.74361532161305,-0.6797062589519198,-1.240345769265203
292,-2.032023968656665,-2.0601004370096674,0.02785445080482249,-0.8804019575295843,-0.7343714573862058,-1.74361532161305,-0.6797062589519198,1.8201822061168222
293,-0.586023325075582,0.8434931355867756,0.02785445080482249,-0.8804019575295843,-1.7749791509646686,0.7148620308123189,-1.8658240202611183,0.28991821842580956
294,-2.032023968656665,-2.0601004370096674,0.02785445080482249,1.6028879505580442,0.7991556699925817,-0.5143766454003655,0.7561205047381624,-1.240345769265203
295,-0.586023325075582,-0.12437138861203878,0.02785445080482249,-1.5757231317941203,0.7991556699925817,-0.5143766454003655,0.7561205047381624,-1.240345769265203
296,-0.586023325075582,-0.12437138861203878,0.02785445080482249,0.11291400570546709,-1.2272908911865303,0.7148620308123189,-1.2415515143089084,0.28991821842580956
297,0.8599773185055006,0.8434931355867756,0.02785445080482249,-0.8804019575295843,0.7991556699925817,0.7148620308123189,0.7561205047381624,0.28991821842580956
298,-0.586023325075582,0.8434931355867756,0.02785445080482249,-0.2844123795885535,0.7991556699925817,0.7148620308123189,0.7561205047381624,-1.240345769265203
299,0.8599773185055006,-0.12437138861203878,0.02785445080482249,-1.5757231317941203,-1.8845168029202963,0.7148620308123189,0.7561205047381624,-1.240345769265203
300,0.8599773185055006,0.8434931355867756,0.02785445080482249,-0.3837439759120586,-1.1177532392309026,-1.74361532161305,-1.1166970131184666,0.28991821842580956
301,-0.586023325075582,0.8434931355867756,0.02785445080482249,2.5962039137930955,-1.7749791509646686,-0.5143766454003655,-1.8658240202611183,-1.240345769265203
302,0.8599773185055006,-0.12437138861203878,0.02785445080482249,-1.1783967465000997,-1.7749791509646686,-0.5143766454003655,-1.8658240202611183,-1.240345769265203
303,0.8599773185055006,0.8434931355867756,0.02785445080482249,-0.8804019575295843,0.7991556699925817,0.7148620308123189,0.7561205047381624,0.28991821842580956
304,0.8599773185055006,0.8434931355867756,0.02785445080482249,-0.8804019575295843,0.7991556699925817,0.7148620308123189,0.7561205047381624,0.28991821842580956
305,0.8599773185055006,-0.12437138861203878,0.02785445080482249,-0.3837439759120586,-1.1725220652087165,0.7148620308123189,-1.1791242637136876,0.28991821842580956
306,-2.032023968656665,0.8434931355867756,0.02785445080482249,0.013582409381961954,0.7991556699925817,0.7148620308123189,0.7561205047381624,0.28991821842580956
307,0.8599773185055006,0.8434931355867756,0.02785445080482249,-0.3837439759120586,0.7991556699925817,-1.74361532161305,0.7561205047381624,0.28991821842580956
308,-0.586023325075582,-2.0601004370096674,0.02785445080482249,-1.4763915354706152,0.7991556699925817,-0.5143766454003655,0.7561205047381624,1.8201822061168222
309,0.8599773185055006,-0.12437138861203878,0.02785445080482249,-1.6750547281176253,0.7991556699925817,0.7148620308123189,0.7561205047381624,-1.240345769265203
310,-0.586023325075582,-0.12437138861203878,0.02785445080482249,-0.3837439759120586,-0.24145202358588122,-0.5143766454003655,-0.1802882541901521,-1.240345769265203
311,0.8599773185055006,-1.0922359128108532,0.02785445080482249,-0.3837439759120586,0.7991556699925817,0.7148620308123189,0.7561205047381624,0.28991821842580956
312,-0.586023325075582,0.8434931355867756,0.02785445080482249,0.013582409381961954,0.7991556699925817,0.7148620308123189,0.7561205047381624,-1.240345769265203
313,-0.586023325075582,-0.12437138861203878,0.02785445080482249,0.11291400570546709,-1.7749791509646686,0.7148620308123189,-1.8658240202611183,-1.240345769265203
314,0.8599773185055006,0.8434931355867756,0.02785445080482249,1.6028879505580442,0.7991556699925817,-1.74361532161305,0.7561205047381624,0.28991821842580956
315,0.8599773185055006,0.8434931355867756,0.02785445080482249,-0.3837439759120586,0.7991556699925817,0.7148620308123189,0.7561205047381624,0.28991821842580956
316,0.8599773185055006,-0.12437138861203878,0.02785445080482249,-0.8804019575295843,-1.7749791509646686,-1.74361532161305,-1.8658240202611183,0.28991821842580956
317,0.8599773185055006,-0.12437138861203878,0.02785445080482249,-0.8804019575295843,0.7991556699925817,0.7148620308123189,0.7561205047381624,0.28991821842580956
318,-0.586023325075582,-0.12437138861203878,0.02785445080482249,-0.8804019575295843,0.7991556699925817,-1.74361532161305,0.7561205047381624,-1.240345769265203
319,0.8599773185055006,-0.12437138861203878,0.02785445080482249,1.6028879505580442,-1.1725220652087165,0.7148620308123189,-1.4912605166897923,0.28991821842580956
320,-0.586023325075582,-1.0922359128108532,0.02785445080482249,0.808235179970003,0.7991556699925817,0.7148620308123189,0.7561205047381624,-1.240345769265203
321,0.8599773185055006,0.8434931355867756,0.02785445080482249,0.11291400570546709,0.7991556699925817,-1.74361532161305,0.7561205047381624,-1.240345769265203
322,0.8599773185055006,0.8434931355867756,0.02785445080482249,-0.8804019575295843,0.7991556699925817,0.7148620308123189,0.7561205047381624,0.28991821842580956
323,-0.586023325075582,-0.12437138861203878,0.02785445080482249,-0.3837439759120586,0.7991556699925817,0.7148620308123189,0.7561205047381624,-1.240345769265203
324,0.8599773185055006,0.8434931355867756,0.02785445080482249,1.6028879505580442,-2.2131297587871797,0.7148620308123189,-2.2403875238324438,1.8201822061168222
325,0.8599773185055006,-0.12437138861203878,0.02785445080482249,-0.3837439759120586,-1.1177532392309026,0.7148620308123189,-1.1166970131184666,0.28991821842580956
326,0.8599773185055006,-0.12437138861203878,-4.1990584588269195,0.11291400570546709,-1.7749791509646686,0.7148620308123189,0.7561205047381624,0.28991821842580956
327,-0.586023325075582,0.8434931355867756,0.02785445080482249,-0.3837439759120586,0.7991556699925817,-1.74361532161305,0.7561205047381624,0.28991821842580956
328,0.8599773185055006,0.8434931355867756,0.02785445080482249,-0.8804019575295843,0.7991556699925817,0.7148620308123189,0.7561205047381624,0.28991821842580956
329,0.8599773185055006,0.8434931355867756,0.02785445080482249,0.11291400570546709,0.7991556699925817,-1.74361532161305,0.7561205047381624,0.28991821842580956
330,0.8599773185055006,-1.0922359128108532,0.02785445080482249,-1.7743863244411304,0.7991556699925817,0.7148620308123189,0.7561205047381624,0.28991821842580956
331,0.8599773185055006,0.8434931355867756,0.02785445080482249,0.11291400570546709,0.7991556699925817,-1.74361532161305,0.7561205047381624,0.28991821842580956
332,-2.032023968656665,-0.12437138861203878,0.02785445080482249,-1.1783967465000997,0.7991556699925817,0.7148620308123189,0.7561205047381624,-1.240345769265203
333,0.8599773185055006,0.8434931355867756,0.02785445080482249,-0.8804019575295843,0.7991556699925817,0.7148620308123189,0.7561205047381624,0.28991821842580956
334,-2.032023968656665,-0.12437138861203878,0.02785445080482249,-0.18508078326504832,0.7991556699925817,0.7148620308123189,0.7561205047381624,-1.240345769265203
335,-0.586023325075582,-2.0601004370096674,0.02785445080482249,0.11291400570546709,0.7991556699925817,0.7148620308123189,0.7561205047381624,0.28991821842580956
336,-0.586023325075582,-2.0601004370096674,0.02785445080482249,0.11291400570546709,-0.7343714573862058,0.7148620308123189,-0.6797062589519198,0.28991821842580956
337,0.8599773185055006,0.8434931355867756,0.02785445080482249,0.11291400570546709,0.7991556699925817,0.7148620308123189,0.7561205047381624,0.28991821842580956
338,0.8599773185055006,0.8434931355867756,0.02785445080482249,-0.5824071685590688,0.7991556699925817,0.7148620308123189,0.7561205047381624,0.28991821842580956
339,-2.032023968656665,-0.12437138861203878,0.02785445080482249,0.11291400570546709,0.7991556699925817,0.7148620308123189,0.7561205047381624,0.28991821842580956
340,-0.586023325075582,0.8434931355867756,0.02785445080482249,0.3115771983524774,-1.1177532392309026,0.7148620308123189,-1.1166970131184666,0.28991821842580956
341,0.8599773185055006,-0.12437138861203878,0.02785445080482249,-0.8804019575295843,0.7991556699925817,-1.74361532161305,0.7561205047381624,1.8201822061168222
342,0.8599773185055006,-0.12437138861203878,0.02785445080482249,-0.3837439759120586,0.7991556699925817,-1.74361532161305,0.7561205047381624,0.28991821842580956
343,-0.586023325075582,-0.12437138861203878,0.02785445080482249,0.11291400570546709,-0.7343714573862058,0.7148620308123189,-0.6797062589519198,1.8201822061168222
344,0.8599773185055006,-2.0601004370096674,0.02785445080482249,0.11291400570546709,-1.7749791509646686,0.7148620308123189,-1.8658240202611183,-1.240345769265203
345,0.8599773185055006,0.8434931355867756,0.02785445080482249,-0.8804019575295843,0.7991556699925817,0.7148620308123189,0.7561205047381624,0.28991821842580956
346,-0.586023325075582,0.8434931355867756,0.02785445080482249,0.4109087946759825,-0.4605273274971366,-1.74361532161305,-0.429997256571036,1.8201822061168222
347,-0.586023325075582,-0.12437138861203878,0.02785445080482249,-0.3837439759120586,0.7991556699925817,-1.74361532161305,0.7561205047381624,0.28991821842580956
348,0.8599773185055006,-0.12437138861203878,0.02785445080482249,0.11291400570546709,0.7991556699925817,0.7148620308123189,0.7561205047381624,-1.240345769265203
349,0.8599773185055006,0.8434931355867756,0.02785445080482249,-0.8804019575295843,0.7991556699925817,0.7148620308123189,0.7561205047381624,0.28991821842580956
350,-2.032023968656665,-2.0601004370096674,0.02785445080482249,-0.8804019575295843,-0.0771455456524397,0.7148620308123189,0.006993497595510797,1.8201822061168222
351,0.8599773185055006,-0.12437138861203878,0.02785445080482249,-0.3837439759120586,-1.0629844132530888,0.7148620308123189,-1.0542697625232456,0.28991821842580956
352,0.8599773185055006,-0.12437138861203878,0.02785445080482249,-0.8804019575295843,0.7991556699925817,-1.74361532161305,0.7561205047381624,0.28991821842580956
353,-0.586023325075582,0.8434931355867756,0.02785445080482249,0.013582409381961954,-0.7343714573862058,-0.5143766454003655,0.7561205047381624,-1.240345769265203
354,0.8599773185055006,0.8434931355867756,0.02785445080482249,-0.681738764882574,0.7991556699925817,0.7148620308123189,0.7561205047381624,-1.240345769265203
355,0.8599773185055006,0.8434931355867756,0.02785445080482249,0.11291400570546709,0.7991556699925817,0.7148620308123189,0.7561205047381624,0.28991821842580956
356,-0.586023325075582,-0.12437138861203878,0.02785445080482249,2.5962039137930955,-1.1725220652087165,-0.5143766454003655,-1.1791242637136876,0.28991821842580956
357,0.8599773185055006,0.8434931355867756,0.02785445080482249,1.6028879505580442,0.7991556699925817,0.7148620308123189,0.7561205047381624,0.28991821842580956
358,0.8599773185055006,-0.12437138861203878,0.02785445080482249,0.11291400570546709,0.7991556699925817,-1.74361532161305,0.7561205047381624,0.28991821842580956
359,-0.586023325075582,-0.12437138861203878,0.02785445080482249,-0.3837439759120586,0.7991556699925817,0.7148620308123189,0.7561205047381624,-1.240345769265203
360,0.8599773185055006,0.8434931355867756,0.02785445080482249,-0.3837439759120586,0.7991556699925817,0.7148620308123189,0.7561205047381624,-1.240345769265203
361,0.8599773185055006,0.8434931355867756,0.02785445080482249,-0.3837439759120586,0.7991556699925817,-1.74361532161305,0.7561205047381624,-1.240345769265203
362,0.8599773185055006,0.8434931355867756,0.02785445080482249,-0.8804019575295843,0.7991556699925817,0.7148620308123189,0.7561205047381624,0.28991821842580956
363,0.8599773185055006,-1.0922359128108532,0.02785445080482249,-0.3837439759120586,0.7991556699925817,0.7148620308123189,0.7561205047381624,0.28991821842580956
364,-0.586023325075582,-2.0601004370096674,0.02785445080482249,-1.6750547281176253,-1.1177532392309026,-1.74361532161305,-1.1166970131184666,-1.240345769265203
365,0.8599773185055006,0.8434931355867756,0.02785445080482249,0.11291400570546709,0.7991556699925817,0.7148620308123189,0.7561205047381624,0.28991821842580956
366,-0.586023325075582,-2.0601004370096674,4.254767360436565,-1.8737179207646357,-1.8297479769424825,0.7148620308123189,0.7561205047381624,1.8201822061168222
367,-0.586023325075582,-0.12437138861203878,0.02785445080482249,0.11291400570546709,0.7991556699925817,0.7148620308123189,0.7561205047381624,1.8201822061168222
368,-0.586023325075582,-2.0601004370096674,0.02785445080482249,-0.3837439759120586,-0.7343714573862058,-0.5143766454003655,-0.6797062589519198,0.28991821842580956
369,0.8599773185055006,0.8434931355867756,0.02785445080482249,-0.3837439759120586,0.7991556699925817,0.7148620308123189,0.7561205047381624,0.28991821842580956
370,-0.586023325075582,-0.12437138861203878,0.02785445080482249,0.708903583646498,0.7991556699925817,0.7148620308123189,0.7561205047381624,-1.240345769265203
371,0.8599773185055006,0.8434931355867756,0.02785445080482249,1.6028879505580442,0.7991556699925817,-1.74361532161305,0.7561205047381624,0.28991821842580956
372,0.8599773185055006,0.8434931355867756,0.02785445080482249,0.11291400570546709,0.7991556699925817,-1.74361532161305,0.7561205047381624,-1.240345769265203
373,-0.586023325075582,-2.0601004370096674,0.02785445080482249,-1.1783967465000997,-0.3509896755415089,0.7148620308123189,-0.30514275538059404,-1.240345769265203
374,0.8599773185055006,-0.12437138861203878,0.02785445080482249,0.11291400570546709,0.7991556699925817,-1.74361532161305,0.7561205047381624,0.28991821842580956
375,0.8599773185055006,0.8434931355867756,0.02785445080482249,-0.8804019575295843,0.7991556699925817,0.7148620308123189,0.7561205047381624,0.28991821842580956
376,-0.586023325075582,-2.0601004370096674,0.02785445080482249,-0.8804019575295843,0.7991556699925817,0.7148620308123189,0.7561205047381624,0.28991821842580956
377,-0.586023325075582,0.8434931355867756,0.02785445080482249,0.6095719873229928,-1.1177532392309026,-0.5143766454003655,-1.1166970131184666,-1.240345769265203
378,-0.586023325075582,-0.12437138861203878,0.02785445080482249,0.11291400570546709,-1.2272908911865303,0.7148620308123189,-1.2415515143089084,-1.240345769265203
379,0.8599773185055006,0.8434931355867756,0.02785445080482249,0.11291400570546709,0.7991556699925817,-1.74361532161305,0.7561205047381624,-1.240345769265203
380,-0.586023325075582,-2.0601004370096674,0.02785445080482249,0.11291400570546709,-1.1725220652087165,-0.5143766454003655,-1.1791242637136876,-1.240345769265203
381,0.8599773185055006,0.8434931355867756,0.02785445080482249,0.11291400570546709,0.7991556699925817,-1.74361532161305,0.7561205047381624,0.28991821842580956
382,0.8599773185055006,-0.12437138861203878,0.02785445080482249,-0.3837439759120586,-1.0629844132530888,0.7148620308123189,-1.0542697625232456,0.28991821842580956
383,0.8599773185055006,0.8434931355867756,0.02785445080482249,1.6028879505580442,0.7991556699925817,0.7148620308123189,0.7561205047381624,0.28991821842580956
384,0.8599773185055006,0.8434931355867756,0.02785445080482249,0.11291400570546709,0.7991556699925817,0.7148620308123189,0.7561205047381624,0.28991821842580956
385,0.8599773185055006,0.8434931355867756,0.02785445080482249,-0.48307557223556374,0.7991556699925817,0.7148620308123189,0.7561205047381624,0.28991821842580956
386,0.8599773185055006,0.8434931355867756,0.02785445080482249,-0.5824071685590688,0.7991556699925817,0.7148620308123189,0.7561205047381624,0.28991821842580956
387,-0.586023325075582,-0.12437138861203878,0.02785445080482249,2.3975407211460853,0.7991556699925817,0.7148620308123189,0.7561205047381624,-1.240345769265203
388,0.8599773185055006,-0.12437138861203878,0.02785445080482249,-0.3837439759120586,-1.2272908911865303,0.7148620308123189,-1.2415515143089084,0.28991821842580956
389,0.8599773185055006,-0.12437138861203878,0.02785445080482249,1.9008827395285597,0.7991556699925817,0.7148620308123189,0.7561205047381624,-1.240345769265203
390,-0.586023325075582,-0.12437138861203878,0.02785445080482249,0.11291400570546709,-1.1177532392309026,-0.5143766454003655,-1.1166970131184666,-1.240345769265203
391,0.8599773185055006,-1.0922359128108532,0.02785445080482249,0.4109087946759825,0.7991556699925817,0.7148620308123189,0.7561205047381624,0.28991821842580956
392,-2.032023968656665,-2.0601004370096674,0.02785445080482249,-0.3837439759120586,0.14192975825881565,0.7148620308123189,-1.4912605166897923,-1.240345769265203
393,-0.586023325075582,0.8434931355867756,0.02785445080482249,-0.5824071685590688,0.7991556699925817,0.7148620308123189,0.7561205047381624,-1.240345769265203
394,-0.586023325075582,0.8434931355867756,0.02785445080482249,1.2055615652640237,-0.7343714573862058,-0.5143766454003655,-0.6797062589519198,-1.240345769265203
395,0.8599773185055006,0.8434931355867756,0.02785445080482249,-0.3837439759120586,0.7991556699925817,0.7148620308123189,0.7561205047381624,0.28991821842580956
396,0.8599773185055006,0.8434931355867756,0.02785445080482249,0.11291400570546709,0.7991556699925817,0.7148620308123189,0.7561205047381624,-1.240345769265203
397,0.8599773185055006,0.8434931355867756,0.02785445080482249,-0.3837439759120586,0.7991556699925817,0.7148620308123189,0.7561205047381624,0.28991821842580956
398,0.8599773185055006,0.8434931355867756,0.02785445080482249,0.11291400570546709,0.7991556699925817,-1.74361532161305,0.7561205047381624,-1.240345769265203
399,0.8599773185055006,0.8434931355867756,0.02785445080482249,-0.3837439759120586,0.7991556699925817,0.7148620308123189,0.7561205047381624,0.28991821842580956
400,0.8599773185055006,0.8434931355867756,0.02785445080482249,-0.8804019575295843,0.7991556699925817,0.7148620308123189,0.7561205047381624,0.28991821842580956
401,0.8599773185055006,-0.12437138861203878,0.02785445080482249,-0.8804019575295843,-1.1177532392309026,0.7148620308123189,-1.1166970131184666,0.28991821842580956
402,0.8599773185055006,-2.0601004370096674,0.02785445080482249,1.6028879505580442,-1.1177532392309026,0.7148620308123189,-1.1166970131184666,-1.240345769265203
403,0.8599773185055006,0.8434931355867756,0.02785445080482249,0.11291400570546709,0.7991556699925817,0.7148620308123189,0.7561205047381624,0.28991821842580956
404,0.8599773185055006,-0.12437138861203878,0.02785445080482249,-0.3837439759120586,0.7991556699925817,0.7148620308123189,0.7561205047381624,0.28991821842580956
405,0.8599773185055006,0.8434931355867756,0.02785445080482249,-0.3837439759120586,0.7991556699925817,0.7148620308123189,0.7561205047381624,0.28991821842580956
406,0.8599773185055006,0.8434931355867756,0.02785445080482249,-0.3837439759120586,0.7991556699925817,0.7148620308123189,0.7561205047381624,0.28991821842580956
407,0.8599773185055006,-0.12437138861203878,0.02785445080482249,0.013582409381961954,0.7991556699925817,0.7148620308123189,0.7561205047381624,0.28991821842580956
408,-0.586023325075582,0.8434931355867756,0.02785445080482249,1.1062299689405184,-1.1177532392309026,0.7148620308123189,-1.1166970131184666,1.8201822061168222
409,-0.586023325075582,-0.12437138861203878,0.02785445080482249,0.11291400570546709,-0.7343714573862058,0.7148620308123189,0.7561205047381624,1.8201822061168222
410,0.8599773185055006,0.8434931355867756,0.02785445080482249,-0.3837439759120586,0.7991556699925817,0.7148620308123189,0.7561205047381624,0.28991821842580956
411,0.8599773185055006,0.8434931355867756,0.02785445080482249,0.11291400570546709,0.7991556699925817,0.7148620308123189,0.7561205047381624,0.28991821842580956
412,0.8599773185055006,0.8434931355867756,0.02785445080482249,-0.3837439759120586,0.7991556699925817,0.7148620308123189,0.7561205047381624,0.28991821842580956
413,0.8599773185055006,-0.12437138861203878,0.02785445080482249,0.5102403909994876,-1.0629844132530888,-1.74361532161305,-1.0542697625232456,0.28991821842580956
414,0.8599773185055006,-0.12437138861203878,0.02785445080482249,-0.3837439759120586,-1.1177532392309026,-1.74361532161305,-1.1166970131184666,0.28991821842580956
415,-0.586023325075582,-0.12437138861203878,0.02785445080482249,0.11291400570546709,0.7991556699925817,0.7148620308123189,0.7561205047381624,0.28991821842580956
416,0.8599773185055006,-0.12437138861203878,0.02785445080482249,0.11291400570546709,0.7991556699925817,0.7148620308123189,0.7561205047381624,0.28991821842580956
417,-0.586023325075582,0.8434931355867756,0.02785445080482249,-0.8804019575295843,0.7991556699925817,0.7148620308123189,0.7561205047381624,-1.240345769265203
418,0.8599773185055006,0.8434931355867756,0.02785445080482249,-0.8804019575295843,0.7991556699925817,-1.74361532161305,0.7561205047381624,0.28991821842580956
419,0.8599773185055006,-0.12437138861203878,0.02785445080482249,-0.3837439759120586,-1.2272908911865303,0.7148620308123189,-1.2415515143089084,0.28991821842580956
420,-0.586023325075582,-1.0922359128108532,0.02785445080482249,0.4109087946759825,-1.4463661950977857,-0.5143766454003655,-1.4912605166897923,0.28991821842580956
421,0.8599773185055006,0.8434931355867756,0.02785445080482249,0.11291400570546709,0.7991556699925817,0.7148620308123189,0.7561205047381624,0.28991821842580956
422,-0.586023325075582,-0.12437138861203878,0.02785445080482249,1.4042247579110338,-0.4605273274971366,-0.5143766454003655,-0.429997256571036,1.8201822061168222
423,0.8599773185055006,-0.12437138861203878,0.02785445080482249,0.11291400570546709,-1.1177532392309026,-1.74361532161305,-1.1166970131184666,0.28991821842580956
424,-0.586023325075582,0.8434931355867756,0.02785445080482249,1.6028879505580442,-0.7343714573862058,0.7148620308123189,-0.6797062589519198,-1.240345769265203
425,0.8599773185055006,-1.0922359128108532,0.02785445080482249,-0.3837439759120586,0.7991556699925817,0.7148620308123189,0.7561205047381624,0.28991821842580956
426,-0.586023325075582,0.8434931355867756,0.02785445080482249,1.6028879505580442,0.7991556699925817,-0.5143766454003655,0.7561205047381624,-1.240345769265203
427,-0.586023325075582,0.8434931355867756,0.02785445080482249,0.3115771983524774,0.7991556699925817,0.7148620308123189,0.7561205047381624,-1.240345769265203
428,-0.586023325075582,-2.0601004370096674,0.02785445080482249,1.9008827395285597,0.7991556699925817,0.7148620308123189,0.7561205047381624,-1.240345769265203
429,-0.586023325075582,-0.12437138861203878,0.02785445080482249,-1.2777283428236048,-1.2272908911865303,-0.5143766454003655,0.3815570011668366,0.28991821842580956
430,0.8599773185055006,0.8434931355867756,0.02785445080482249,1.6028879505580442,-2.2131297587871797,0.7148620308123189,-2.2403875238324438,1.8201822061168222
431,0.8599773185055006,0.8434931355867756,0.02785445080482249,-0.8804019575295843,0.7991556699925817,-1.74361532161305,0.7561205047381624,0.28991821842580956
432,0.8599773185055006,-1.0922359128108532,0.02785445080482249,0.9075667762935082,-0.7343714573862058,-0.5143766454003655,-0.6797062589519198,-1.240345769265203
433,-0.586023325075582,0.8434931355867756,0.02785445080482249,1.9008827395285597,0.7991556699925817,0.7148620308123189,-1.8658240202611183,-1.240345769265203
434,0.8599773185055006,0.8434931355867756,0.02785445080482249,0.11291400570546709,0.7991556699925817,0.7148620308123189,0.7561205047381624,0.28991821842580956
435,0.8599773185055006,-2.0601004370096674,0.02785445080482249,0.11291400570546709,-0.7343714573862058,0.7148620308123189,-0.6797062589519198,0.28991821842580956
436,0.8599773185055006,0.8434931355867756,0.02785445080482249,0.11291400570546709,0.7991556699925817,-1.74361532161305,0.7561205047381624,0.28991821842580956
437,-0.586023325075582,-0.12437138861203878,0.02785445080482249,0.11291400570546709,-0.7343714573862058,-1.74361532161305,-0.6797062589519198,1.8201822061168222
438,0.8599773185055006,0.8434931355867756,0.02785445080482249,-0.8804019575295843,0.7991556699925817,0.7148620308123189,0.7561205047381624,0.28991821842580956
439,-0.586023325075582,0.8434931355867756,0.02785445080482249,0.013582409381961954,-0.7343714573862058,-0.5143766454003655,-0.6797062589519198,-1.240345769265203
440,0.8599773185055006,0.8434931355867756,0.02785445080482249,0.11291400570546709,0.7991556699925817,-1.74361532161305,0.7561205047381624,0.28991821842580956
441,-2.032023968656665,-0.12437138861203878,0.02785445080482249,-0.3837439759120586,0.7991556699925817,0.7148620308123189,0.7561205047381624,-1.240345769265203
442,-0.586023325075582,0.8434931355867756,0.02785445080482249,-0.3837439759120586,0.7991556699925817,0.7148620308123189,0.7561205047381624,1.8201822061168222
443,0.8599773185055006,-2.0601004370096674,0.02785445080482249,-0.3837439759120586,0.7991556699925817,0.7148620308123189,0.7561205047381624,1.8201822061168222
444,0.8599773185055006,-0.12437138861203878,0.02785445080482249,1.503556354234539,-1.7749791509646686,0.7148620308123189,-1.8658240202611183,0.28991821842580956
445,-0.586023325075582,0.8434931355867756,0.02785445080482249,-0.9797335538530895,-1.8297479769424825,0.7148620308123189,-1.928251270856339,0.28991821842580956
446,0.8599773185055006,-0.12437138861203878,0.02785445080482249,-0.8804019575295843,-1.0629844132530888,0.7148620308123189,-1.0542697625232456,0.28991821842580956
447,0.8599773185055006,0.8434931355867756,0.02785445080482249,0.11291400570546709,0.7991556699925817,0.7148620308123189,0.7561205047381624,0.28991821842580956
448,-2.032023968656665,-0.12437138861203878,0.02785445080482249,-0.3837439759120586,-1.1177532392309026,-0.5143766454003655,-1.1166970131184666,-1.240345769265203
449,-0.586023325075582,-0.12437138861203878,0.02785445080482249,-0.48307557223556374,0.7991556699925817,0.7148620308123189,0.7561205047381624,-1.240345769265203
450,-2.032023968656665,-2.0601004370096674,0.02785445080482249,0.11291400570546709,-1.4463661950977857,-0.5143766454003655,-1.4912605166897923,1.8201822061168222
451,-0.586023325075582,0.8434931355867756,-8.425971368458661,2.6955355101166005,0.7991556699925817,0.7148620308123189,0.7561205047381624,0.28991821842580956
452,-0.586023325075582,-0.12437138861203878,0.02785445080482249,-0.3837439759120586,0.1966985842366295,0.7148620308123189,0.25670249997639466,-1.240345769265203
453,-0.586023325075582,-0.12437138861203878,0.02785445080482249,-0.3837439759120586,0.7991556699925817,0.7148620308123189,0.7561205047381624,-1.240345769265203
454,-0.586023325075582,0.8434931355867756,0.02785445080482249,-0.7810703612060792,0.8539244959703955,0.7148620308123189,-1.1166970131184666,0.28991821842580956
455,0.8599773185055006,-1.0922359128108532,0.02785445080482249,-0.8804019575295843,0.7991556699925817,0.7148620308123189,0.7561205047381624,0.28991821842580956
456,-0.586023325075582,-2.0601004370096674,0.02785445080482249,1.6028879505580442,0.7991556699925817,0.7148620308123189,0.7561205047381624,1.8201822061168222
457,-2.032023968656665,-2.0601004370096674,0.02785445080482249,0.11291400570546709,-1.1725220652087165,-1.74361532161305,-1.1791242637136876,0.28991821842580956
458,-2.032023968656665,-0.12437138861203878,0.02785445080482249,-0.3837439759120586,-2.103592106831552,-0.5143766454003655,-2.115533022642002,-1.240345769265203
459,-2.032023968656665,-2.0601004370096674,-8.425971368458661,-1.1783967465000997,0.7991556699925817,0.7148620308123189,0.7561205047381624,-1.240345769265203
460,-0.586023325075582,-0.12437138861203878,0.02785445080482249,-0.48307557223556374,0.7991556699925817,0.7148620308123189,0.7561205047381624,-1.240345769265203
461,-0.586023325075582,0.8434931355867756,0.02785445080482249,-0.2844123795885535,0.7991556699925817,-1.74361532161305,0.7561205047381624,-1.240345769265203
462,-0.586023325075582,-0.12437138861203878,0.02785445080482249,2.5962039137930955,-1.7749791509646686,0.7148620308123189,-1.8658240202611183,0.28991821842580956
463,0.8599773185055006,-0.12437138861203878,0.02785445080482249,-0.8804019575295843,0.7991556699925817,0.7148620308123189,0.7561205047381624,0.28991821842580956
464,0.8599773185055006,-0.12437138861203878,0.02785445080482249,1.6028879505580442,-2.048823280853738,0.7148620308123189,-2.053105772046781,-1.240345769265203
465,-0.586023325075582,-0.12437138861203878,0.02785445080482249,0.11291400570546709,-1.1177532392309026,-0.5143766454003655,-1.1166970131184666,-1.240345769265203
466,0.8599773185055006,0.8434931355867756,0.02785445080482249,0.11291400570546709,0.7991556699925817,-1.74361532161305,0.7561205047381624,-1.240345769265203
467,-0.586023325075582,-0.12437138861203878,0.02785445080482249,-1.0790651501765947,0.5253115401035126,-0.5143766454003655,0.5064115023572785,-1.240345769265203
468,-2.032023968656665,-2.0601004370096674,0.02785445080482249,-0.8804019575295843,0.7991556699925817,0.7148620308123189,0.7561205047381624,-1.240345769265203
469,-0.586023325075582,0.8434931355867756,0.02785445080482249,0.11291400570546709,-1.7749791509646686,0.7148620308123189,-1.8658240202611183,-1.240345769265203
470,0.8599773185055006,-2.0601004370096674,0.02785445080482249,-0.7810703612060792,0.14192975825881565,-1.74361532161305,0.1942752493811737,0.28991821842580956
471,0.8599773185055006,0.8434931355867756,0.02785445080482249,0.013582409381961954,0.7991556699925817,0.7148620308123189,0.7561205047381624,0.28991821842580956
472,0.8599773185055006,-0.12437138861203878,0.02785445080482249,-0.8804019575295843,-1.0629844132530888,0.7148620308123189,-1.0542697625232456,1.8201822061168222
473,-0.586023325075582,-2.0601004370096674,0.02785445080482249,1.6028879505580442,0.7991556699925817,-0.5143766454003655,0.7561205047381624,1.8201822061168222
474,0.8599773185055006,-0.12437138861203878,0.02785445080482249,1.7022195468815493,0.3062362361922572,-0.5143766454003655,0.31912975057161563,-1.240345769265203
475,0.8599773185055006,0.8434931355867756,0.02785445080482249,1.6028879505580442,0.7991556699925817,0.7148620308123189,0.7561205047381624,0.28991821842580956
476,-2.032023968656665,-1.0922359128108532,0.02785445080482249,-0.2844123795885535,-1.2272908911865303,-0.5143766454003655,-1.2415515143089084,-1.240345769265203
477,0.8599773185055006,0.8434931355867756,0.02785445080482249,-0.3837439759120586,0.7991556699925817,0.7148620308123189,0.7561205047381624,0.28991821842580956
478,0.8599773185055006,0.8434931355867756,0.02785445080482249,-0.8804019575295843,0.7991556699925817,0.7148620308123189,0.7561205047381624,0.28991821842580956
479,-0.586023325075582,0.8434931355867756,0.02785445080482249,1.6028879505580442,0.7991556699925817,0.7148620308123189,0.7561205047381624,-1.240345769265203
480,0.8599773185055006,0.8434931355867756,0.02785445080482249,-0.8804019575295843,0.7991556699925817,0.7148620308123189,0.7561205047381624,0.28991821842580956
481,-0.586023325075582,-0.12437138861203878,4.254767360436565,-0.3837439759120586,-0.02237671967462586,0.7148620308123189,0.06942074819073177,-1.240345769265203
482,0.8599773185055006,0.8434931355867756,0.02785445080482249,-0.48307557223556374,-1.7749791509646686,0.7148620308123189,-1.8658240202611183,0.28991821842580956
483,0.8599773185055006,-0.12437138861203878,0.02785445080482249,-0.3837439759120586,-1.1177532392309026,-1.74361532161305,-1.1166970131184666,0.28991821842580956
484,-0.586023325075582,-0.12437138861203878,0.02785445080482249,-0.8804019575295843,0.7991556699925817,0.7148620308123189,0.7561205047381624,-1.240345769265203
485,-0.586023325075582,-0.12437138861203878,0.02785445080482249,0.11291400570546709,-1.4463661950977857,-0.5143766454003655,-1.4912605166897923,-1.240345769265203
486,-2.032023968656665,0.8434931355867756,0.02785445080482249,1.6028879505580442,0.7991556699925817,-0.5143766454003655,0.7561205047381624,-1.240345769265203
487,-0.586023325075582,-0.12437138861203878,0.02785445080482249,-0.3837439759120586,0.7991556699925817,0.7148620308123189,0.7561205047381624,-1.240345769265203
488,0.8599773185055006,0.8434931355867756,0.02785445080482249,0.11291400570546709,0.7991556699925817,0.7148620308123189,0.7561205047381624,0.28991821842580956
489,0.8599773185055006,-0.12437138861203878,0.02785445080482249,0.11291400570546709,0.7991556699925817,-1.74361532161305,0.7561205047381624,0.28991821842580956
490,0.8599773185055006,-0.12437138861203878,0.02785445080482249,-0.8804019575295843,-1.2272908911865303,0.7148620308123189,-1.2415515143089084,0.28991821842580956
491,-0.586023325075582,-0.12437138861203878,0.02785445080482249,-0.8804019575295843,0.7991556699925817,-1.74361532161305,0.7561205047381624,-1.240345769265203
492,-0.586023325075582,0.8434931355867756,0.02785445080482249,0.11291400570546709,-1.7749791509646686,0.7148620308123189,-1.8658240202611183,1.8201822061168222
493,0.8599773185055006,0.8434931355867756,0.02785445080482249,-0.3837439759120586,0.7991556699925817,0.7148620308123189,0.7561205047381624,0.28991821842580956
494,0.8599773185055006,0.8434931355867756,0.02785445080482249,0.11291400570546709,0.7991556699925817,0.7148620308123189,0.7561205047381624,0.28991821842580956
495,0.8599773185055006,0.8434931355867756,0.02785445080482249,-0.3837439759120586,0.7991556699925817,0.7148620308123189,0.7561205047381624,0.28991821842580956
496,-0.586023325075582,-2.0601004370096674,0.02785445080482249,-1.2777283428236048,-0.7343714573862058,-1.74361532161305,-1.8033967696658972,-1.240345769265203
497,0.8599773185055006,0.8434931355867756,0.02785445080482249,-0.48307557223556374,-1.7749791509646686,0.7148620308123189,-1.8658240202611183,0.28991821842580956
498,-0.586023325075582,-0.12437138861203878,0.02785445080482249,-0.3837439759120586,-1.1177532392309026,0.7148620308123189,-1.1166970131184666,-1.240345769265203
499,-0.586023325075582,-2.0601004370096674,0.02785445080482249,-0.9797335538530895,0.7991556699925817,0.7148620308123189,0.7561205047381624,0.28991821842580956
